-- 분류 테이블
INSERT INTO 분류 (분류번호, 분류명칭) VALUES (1, '미디어시대');
INSERT INTO 분류 (분류번호, 분류명칭) VALUES (2, '정치');
INSERT INTO 분류 (분류번호, 분류명칭) VALUES (3, '경제');
INSERT INTO 분류 (분류번호, 분류명칭) VALUES (4, '국제');
INSERT INTO 분류 (분류번호, 분류명칭) VALUES (5, '종교');
INSERT INTO 분류 (분류번호, 분류명칭) VALUES (6, '사회');
INSERT INTO 분류 (분류번호, 분류명칭) VALUES (7, '방송,문화');
INSERT INTO 분류 (분류번호, 분류명칭) VALUES (8, '건강');
INSERT INTO 분류 (분류번호, 분류명칭) VALUES (9, '지역');
INSERT INTO 분류 (분류번호, 분류명칭) VALUES (10, '오피니언');

-- 기자 테이블
INSERT INTO 기자 (기자번호, 기자성명, 기자직함, 메일주소) VALUES (1, '방채영', '대표기자', 'press.darak@gmail.com');

-- 기사 테이블
INSERT INTO 기사 (기사번호, 분류번호, 기자번호, 대표사진, 기사제목, 기사부제, 기사내용, 작성일자) VALUES (1, 4, 1, 1, '[기자의 시선] PD수첩 다락방-류광수 편 - 의혹뿐인 방송, 진실은 어디에?', '기자의 시선으로 바라본 방송에 대한 법적 절차확인의 중요성', '2023년 9월 13일 크리스챤 타임즈는 “류광수 다락방 의혹 제기- 비성경적 교리, 재정 문제, 성 추문 문제와 각종 의혹들, 개혁자들의 탈퇴 이어져”라는 제목으로 다락방과 류광수 목사에 대한 의혹을 대서특필했다. 이 기사를 발행하게 만든 인물에 대한 법적 대응이 이루어지면서 류광수 목사와 세계복음화 전도협회는 이 사건을 2023년 11월 15일에 접수해 재판을 시작했으며, 현재 다음 변론기일은 2024년 11월 21일로 예정된 상태다. 그 이후 2024년 10월 22일 PD 수첩에서도 밤 10시 20분에 관련 의혹을 다룬 방송을 내보내며 다락방 교회 내부와 외부에서 혼란이 더욱 가중되었다.
성도들이 기억해야 할 중요한 점은 이 의혹들이 아직 법적 절차를 통해 사실 여부가 확인되지 않은 상태라는 점이다. 다락방 성도들과 대중은 법적 판결을 기다리며 신중한 자세를 유지하는 것이 중요하다. 지금 다락방 가족들이 공중파 방송으로 흔들리기보다 법적 절차와 공정한 판단에 집중해야 할 이유가 여기에 있다.
법적 절차를 기다리며 지켜봐야 하는 이유
PD 수첩과 크리스챤 타임즈는 다락방과 류광수 목사에 대해 성 비위, 재정 문제, 교리적 논란 등 다양한 의혹을 제기했다. 그러나 이러한 의혹들은 제보와 일부 자료를 바탕으로 구성된 내용일 뿐이다. 방송 내용이 법적 판결 없이 사실로 받아들여질 경우 성도들과 대중의 혼란은 더욱 커지고, 다락방 전체가 불필요한 논란에 휘말릴 수 있다. 그렇기 때문에 성도들은 지금 이 의혹들을 사실로 받아들이기보다 법적 절차가 진실을 가려줄 때까지 신중하게 지켜보며 감시자로서의 역할을 해야 할 때임을 명확히 인지해야 한다.
법적 절차는 진실을 규명하는 중요한 과정이다. 법원이 최종 결론을 내리기 전까지는 방송과 언론에서 제기된 의혹이 그대로 사실로 확인된 것이 아니다. 방송의 역할은 의혹을 제기하고 대중에게 문제를 환기하는 것이지만, 실제 사건의 진실은 법적 절차를 통해 명확히 밝혀지는 것이다. 법적 판결을 통해 확인되지 않은 내용을 기정사실로 받아들이는 것은 다락방과 성도들에게 부당한 결과를 초래할 수 있다. 성도들은 이 과정의 투명성을 지켜보아야 한다.
단톡방과 SNS에서 벌어지는 악의적 선동에 대한 감시자 역할
이 와중에 단톡방과 SNS, 온라인 커뮤니티에서는 다락방에 대한 비난과 악의적인 소문이 퍼지고 있다. 특히 모 단톡방은 일부에서 성도와 대중을 선동하는 방으로 여겨지기도 한다. 이 방이 객관적 제보를 받는 창구가 아니라, 불분명한 정보를 무분별하게 확산시키고 있다는 비판적 시각도 있다. 이러한 상황에서 성도들은 악의적 선동에 휘둘리지 않고 비판적으로 감시하는 자세가 필요하다. 또한 SNS와 온라인에서 퍼지고 있는 소문들이 법적 검토 없이 제기된 선동적 정보일 가능성을 인식하고 이를 방관하지 않는 시각이 필요하다.
흔들리지 않고 신앙과 공동체의 본질을 지키며 진실을 지켜봐야 할 때
지금 성도들이 해야 할 일은 방송과 SNS에서 제기된 내용들에 흔들리지 않고, 법적 판결에 따른 진실 규명이 이루어질 때까지 신중하게 상황을 지켜보는 것이다. 다락방의 신앙적 본질과 공동체의 단결은 외부의 의혹과 소문에 흔들려서는 안 된다.
다락방은 오랜 기간 전도와 복음 전파를 위해 수많은 성도와 교역자들이 함께하며 이루어 온 공동체이다. 이번 논란이 다락방의 신앙적 가치와 사명을 부정할 수는 없다. 법적 판결이 나오기 전까지는 제기된 의혹이 단지 "문제 제기"에 불과하다는 사실을 기억하며, 공동체의 연대와 신앙의 본질을 지키는 것이 중요하다. 다락방 측은 법적 절차가 마무리된 후 투명하게 성도들에게 명확한 입장을 발표할 것이라 예측하고 있다. 그때가 바로 모든 사실이 분명하게 가려질 시점이 될 것이다.
지금은 다락방의 본질적 사명과 신앙적 가치를 유지하며, 성도들과 공동체가 연대를 이루는 것이 필요하다. 흔들리지 않는 자세로, 신앙의 본질을 지키며 성도들과 다락방이 함께 앞으로 나아가는 힘을 발휘할 때다.', '2024-12-26 21:24:00');
INSERT INTO 기사 (기사번호, 분류번호, 기자번호, 대표사진, 기사제목, 기사부제, 기사내용, 작성일자) VALUES (2, 4, 1, 1, '[도서]한국교회의 논란, "이단감별사들의 한국교회 大 사기극"의 충격적인 고발', '황규학 저, <이단 감별사의 大 사기극> 뒤늦게 화제', '▲ 사진-도서출판 에셀나무
<방채영 대표기자>
황규학 박사가 쓴 도서가 뒤늦게 큰 화제가 되고 있다.
"이단감별사들의 한국교회 대 사기극"은 한국 기독교 내에서 이단 감별 활동에 대한 깊은 비판을 담은 황규학 저의 출판물이다. 이 책은 특히 한국교회에서 이단 감별사로 활동하는 인물들이 어떻게 금전적 이익과 권력을 추구했는지에 초점을 맞추며, 그 과정에서 벌어진 교회의 내부 분쟁과 사회적 논란들을 조명한다.
이 책은 목회자와 교회가 어떻게 부당하게 이단으로 낙인찍혔는지 구체적 사례를 들어 설명한다. 예를 들어, 최삼경 목사는 예장통합의 이단감별 활동에서 중요한 역할을 하였으며, 금품수수와 이단 조작 사건에 연루되었다. 또한 탁명환 목사는 통일교와의 관련성, 박윤식 목사에 대한 이단 조작 등 다양한 사건에 관련되어 있다고 책에서 언급된다. 이외에도 진용식, 정윤석, 정동섭 등 여러 목회자들의 이단 감별 활동과 그로 인한 문제점들이 다뤄진다.
이 책은 또한 제100회 예장통합 특별사면위원회의 활동을 통해 이단으로 낙인찍힌 목회자들을 사면하는 과정을 소개하며, 이 과정에서 김기동, 박윤식, 류광수, 이명범, 변승우, 전광훈 목사 등이 어떻게 재심의 과정을 거쳤는지를 상세히 다룬다.
황규학은 서울대학교 종교학과 및 장로회신학대학원을 졸업하고, 해외에서 신학을 추가로 공부한 경력을 가진 저자이다. 그는 한국 기독교 내에서 이단 감별사들의 활동을 심도 있게 분석하고 비판하는 작업을 진행해왔으며, 이를 통해 교회 내 권력과 금전적 이익 추구의 문제점을 공개적으로 지적하고 있다. 황규학의 대표 저서인 "이단감별사들의 한국교회 대 사기극"은 교회 내에서 이단 감별사로 활동하는 일부 인물들이 어떻게 권력을 남용하며 금전적 이익을 추구하는지를 드러내며, 이로 인해 발생하는 종교적, 윤리적 문제들을 조명한다. 이 책은 한국 교회 및 종교 커뮤니티 내에서 폭넓은 토론을 촉발시키고 있으며, 종교적 권위의 남용에 대한 깊은 성찰을 요구하고 있다.
이단감별사들의 한국교회 대 사기극"이라는 책은 한국 기독교 커뮤니티 내에서 상당한 논란과 변화를 일으킬 것이다. 이 책은 이단 감별 활동의 내부 문제점을 깊이 있게 드러내며, 특히 금전적 이득과 권력 남용에 초점을 맞추어 한국교회 내에서의 심각한 윤리적 문제들을 폭로한다. 이로 인해 교회 구성원들과 교회 리더십은 이단 감별 활동에 대한 절차와 기준을 재검토하고 개선할 필요성을 느낄 것이다. 또한, 이 책은 한국 사회 전반에 걸쳐 종교적 권위의 남용에 대한 더 넓은 토론을 촉발시킬 가능성이 높으며, 이는 장기적으로는 보다 투명하고 공정한 종교적 실천을 이끌어낼 것으로 기대가 된다.', '2024-12-26 05:51:00');
INSERT INTO 기사 (기사번호, 분류번호, 기자번호, 대표사진, 기사제목, 기사부제, 기사내용, 작성일자) VALUES (4, 4, 1, 1, '[저널비평] 신의 눈을 피하는 자들 : 기술 시대의 미디어와 저널리즘의 도덕적 실패', '', '▶ 사진/픽사베이
인공지능의 도입과 디지털 기술의 발전이 미디어 산업에 혁신적 변화를 가져왔다. 2024년 현재, 누구나 쉽게 정보를 생산하고 소비할 수 있는 시대가 도래했다. 그러나 이러한 변화는 저널리즘의 본질을 퇴색시키는 부작용을 낳고 있으며, 사회적 문제로 이어지고 있다고 전문가들은 지적한다.
과거에는 전문 기자들이 정보의 정확성을 검증하고 공정하게 보도하는 역할을 맡았다. 하지만 현재는 기술의 발전이 그 과정을 단축시키면서, 많은 1인 미디어 콘텐츠 제작자들이 빠른 시간 내에 다양한 정보를 생산하고 있다. 이로 인해 유투버들과 같은 콘텐츠 제작자들의 활동이 포화 상태에 이르렀고, 종종 검증되지 않은 정보가 사회적 혼란을 야기하고 있다.
"기술 발전이 미디어의 접근성을 높였지만, 그로 인해 저널리즘의 기본적인 원칙들이 무시되는 경향이 강해지고 있습니다,"라고 한양대 언론정보학과 김태현 교수는 언급했다. 정보의 질보다는 양이 중시되는 분위기 속에서 많은 이들이 선정적이고 자극적인 내용으로 독자들의 주목을 끌려고 한다는 것이다.
특히, 인터넷 언론의 등장으로 기자와 시민기자 간의 경계가 모호해지고 있다. 기자가 되는 진입 장벽이 낮아짐에 따라, 국회 출입이 자유로운 시대가 되었다. 이는 언론에 대한 신뢰도에 큰 영향을 미치고 있다.
또한, ''사건반장'' 프로그램을 통해 보도된 강형욱의 직장 내 갑질 논란은 이러한 문제의 심각성을 여실히 보여준다. 단 한 번의 보도로 인해 강형욱은 오랜 시간 동안 추측성 보도와 자극적인 내용으로 고통 받았다. 이와 같은 사례들은 뉴스 소비자들에게 큰 혼란을 주고 있다.
<사진/픽사베이>
최근에는 일부 종교 지도자들 사이에서도 유사한 사례가 발견되고 있다. 특히 성비위나 금전 비리 의혹과 같은 프레임이 씌워진 목회자, 승려, 신부들이 미디어에 전무한 상태에서 부당하게 공격 받고 있다. 이러한 사례들은 종교계에도 혼란을 야기하며, 소속된 수많은 구성원들까지 심한 정신적 피해를 호소하고 있다.
최근 어느 대형교회 목사를 표적으로 한 카카오톡 단톡방이 논란의 중심에 서 있다. 비리 제보를 목적으로 개설했다고는 하지만, 실제로는 익명성을 악용하여 가짜 뉴스가 생산되는 등 복합적인 문제들이 야기되고 있는 상황에서 현업 기자들이 ''직업에 대한 윤리와 직업 소명 의식을 심각하게 위반하고 있는게 아니냐는 비판''이 제기되고 있다.
정부는 이러한 문제에 대응하기 위해 딥페이크와 같은 기술적 문제에 대한 연구보고서를 발행하고, 미디어 교육을 강화하는 방안을 모색하고 있다. 언론의 자유와 함께 책임을 강조하는 이러한 움직임은 미디어의 향후 방향성에 중요한 영향을 미칠 것으로 보인다.
이러한 도전과 위기 속에서, 미디어 생산자들은 중요한 역할을 수행하고 있다. 정보의 생산자로서, 우리는 제공되는 정보의 진실성을 철저히 검증하고, 균형 잡힌 시각을 제공할 책임이 있다. 미디어 리터러시의 증진은 정보의 질을 높이는 데 결정적인 요소이다.
미디어 전문가들이 사실 확인과 공정 보도의 원칙을 준수함으로써, 사회 전반에 걸쳐 신뢰성 있는 정보의 원천이 되어야 한다. 결국, 우리 사회의 미디어 환경은 정보를 생산하고 제공하는 우리 모두의 윤리적 자세와 전문성에 의해 형성된다.
모든 미디어 생산자가 고도의 전문성과 책임감을 가지고 접근한다면, 미디어는 그 본질적인 가치를 유지하며 저널리즘의 신뢰성을 강화할 수 있다. 이 책임을 인식하고 노력한다면, 미디어는 사회 발전에 긍정적인 영향을 미치며 진정한 정보의 전달자로서의 역할을 충실히 수행할 수 있다.', '2024-12-26 06:37:00');
INSERT INTO 기사 (기사번호, 분류번호, 기자번호, 대표사진, 기사제목, 기사부제, 기사내용, 작성일자) VALUES (5, 3, 1, 1, '[외교]WRC 세계렘넌트대회 : 바누아투 대통령과 류광수 목사의 특별한 인연', '2024 세계렘넌트대회(WRC) 바누아트 대통령 연이어 참석', '전 세계 청소년들이 하나 되는 영적 축제
작은 나라 바누아투에서 시작된 큰 변화
국제적 협력과 문화 교류의 새로운 지평
▲ 사진 : 신한뉴스 / 세계복음화전도협회
오는 7월 30일부터 8월 3일까지 일산 킨텍스 제1전시장에서 열리는 제27차 세계렘넌트대회(World Remnant Conference)는 특별한 인연을 바탕으로 더욱 주목받고 있다. 이 대회에는 바누아투 대통령이 류광수 목사의 초청으로 참석할 예정이다. 이들의 인연은 단순한 외교적 방문을 넘어, 한국과 전 세계 청소년들에게 큰 가치를 제공할 수 있는 중요한 순간으로 자리매김하고 있다.
류광수 목사와 바누아투 대통령의 인연은 몇 년 전으로 거슬러 올라간다. 류 목사가 전 세계를 다니며 복음을 전파하고 청소년들을 위한 사역에 헌신하던 중 바누아투를 방문하게 되었고, 그곳에서 대통령과의 만남이 이루어졌다. 이 만남은 서로의 비전을 공유하고 협력의 가능성을 모색하는 중요한 계기가 되었다.
바누아투는 태평양의 작은 섬나라로, 경제적, 사회적 도전과제들이 많다. 류광수 목사는 이러한 상황 속에서도 복음이 큰 변화를 일으킬 수 있다는 믿음으로 바누아투의 청소년들에게 희망과 비전을 심어주기 위해 다양한 사역을 펼쳤다. 바누아투 대통령은 류 목사의 열정과 헌신에 깊이 감동받아 두 사람은 긴밀한 협력 관계를 유지하게 되었다. 특히, 류광수 목사는 바누아투 대통령으로부터 훈장을 수여받아 그 공로를 인정받았다.
이번 대회에 바누아투 대통령이 참석하게 된 것은 이러한 협력의 결실 중 하나다. 두 사람은 복음을 통해 전 세계 청소년들이 하나로 연결되고, 글로벌 리더로 성장할 수 있는 비전을 공유하고 있다. 바누아투 대통령의 참석은 작은 나라에서도 큰 변화를 일으킬 수 있다는 것을 상징적으로 보여주며, 세계렘넌트대회의 글로벌 영향력을 강화하는 데 큰 기여를 할 것이다.
▲ <바누아트 대통령이  류광수 목사에게 훈장을 수여하고 있다.>
바누아투 대통령의 참여는 한국 사회에도 큰 영향을 미칠 전망이다. 국제적 협력과 문화 교류의 새로운 지평을 열어, 한국 청소년들이 세계적 관점에서 성장할 수 있는 기회를 제공할 것이다. 또한, 복음의 가치를 전파하고 글로벌 리더십의 중요성을 강조하며, 청소년들이 영적 성장과 함께 미래 사회에서 중요한 역할을 수행할 준비를 갖추게 할 것이다.
제27차 세계렘넌트대회는 단순한 행사를 넘어, 전 세계 청소년들이 하나로 모여 복음의 힘을 체험하고, 글로벌 리더로 성장할 수 있는 귀한 시간이다. 바누아투 대통령과 류광수 목사의 특별한 인연은 이 대회의 의미를 더욱 깊게 만들어주며, 전 세계가 하나 되는 순간을 만들어낼 것이다. 이 대회를 통해 복음이 가진 진정한 힘을 다시 한번 확인하고, 미래를 향한 새로운 비전을 제시할 수 있기를 기대한다.', '2024-12-26 06:43:00');
INSERT INTO 기사 (기사번호, 분류번호, 기자번호, 대표사진, 기사제목, 기사부제, 기사내용, 작성일자) VALUES (6, 3, 1, 1, '제27차 세계렘넌트대회 (WRC), 일산 KINTEX에서 성대하게 개최', '글로벌 청소년들의 복음 축제, 7월 30일부터 4일간 열려', '태영아부터 청소년까지, 맞춤형 복음 프로그램으로 관심 집중
4차 산업혁명 대비, 전문 강의와 멘토링으로 미래를 준비하다
시대를 선도하는 복음 운동, 글로벌 리더 양성의 장 마련
▲사진 :  2024 WRC 세계램넌트 대회
세계복음화전도협회가 주최하는 제27차 세계렘넌트대회(World Remnant Conference)가 오는 7월 30일부터 8월 3일까지 4일간 일산 KINTEX 제1전시장에서 성대하게 열린다. 이번 대회는 세계청소년교류연맹이 주관하며, ‘영원한 기업, 작품, 유산’이라는 주제로 세계 각국에서 복음을 가진 청소년들이 모여 축제의 장을 펼친다.
올해 대회에는 약 1만 7천 명이 참석할 예정으로, 이는 작년 대비 약 2천 명이 증가한 수치이다. 특히 해외 70개국에서 약 1천 명의 청소년들이 참가하며, 바누아투 대통령 내외와 퉁가 왕족 등 저명한 인사들도 함께할 예정이다.
▲ 사진 : 바누아트 대통령과 류광수 목사
대회 첫날인 7월 30일 오후 6시 30분에는 개막식이 진행된다. 둘째 날부터는 매일 오전 10시 30분 찬양을 시작으로, 주강사인 류광수 목사의 대회 메시지가 선포될 예정이다. 점심시간 이후에는 팀별 포럼과 계층별 모임, 전체 특강 등이 이어지며, 저녁 7시부터는 찬양의 밤이 진행된다. 마지막 날에는 오후 6시 렘넌트 나잇을 통해 전도자의 고백 시간이 마련되어 있다.
올해 대회는 태영아, 유아, 유치 어린이들을 위한 전문적인 사역이 강화되었다. 기존의 메인홀 프로그램 외에도 각 연령대에 맞는 복음 각인 사역과 다양한 활동들이 준비되어 있다. 태영아 프로그램에서는 세계복음화의 연애관과 결혼관, 40주 주차별 태교와 부부 활동이 포함되어 있으며, 유아유치 프로그램에서는 창조의 원리와 성삼위 하나님, 237나라 5천 종족을 향한 활동이 진행된다.
▲ 사진 : 신한뉴스 / 세계복음화전도협회
어린이 프로그램에서는 박우영 사모님이 3일간 말씀을 선포하며, 언약의 개인화를 돕는 다양한 활동들이 펼쳐진다. 전체 특강 및 777 멘토링 프로그램에서는 AI, 메타버스, 5G 통신, 우주와 로켓, 뇌과학, 암호화폐 및 블록체인 등 4차 산업 분야의 전문인들이 강사로 나서 미래 시대를 준비하는 방법을 전수할 예정이다.
세계렘넌트대회는 단순한 영적 축제를 넘어, 시대를 선도하는 복음 운동의 일환으로 자리매김하고 있다. 참석한 청소년들은 복음의 가치와 비전을 공유하며, 미래 사회에서 중요한 역할을 수행할 준비를 갖추게 될 것이다. 이를 통해 전 세계 청소년들이 복음을 통해 세상을 변화시키는 진정한 리더로 성장할 것이다.', '2024-12-26 06:59:00');
INSERT INTO 기사 (기사번호, 분류번호, 기자번호, 대표사진, 기사제목, 기사부제, 기사내용, 작성일자) VALUES (7, 4, 1, 1, '"전남 K교회, 주식 손실·전별금 논란… 교회 운영의 투명성 갱신해야"', '', '- P목사 주식 손실 후 10억 전별금 요구… "교회 재정 투명성의 경종 울리다"
- 전남 K교회, 지도자 책임 논란 속 재정 관리 실패… "종교계 투명성 시험대에"
- 주식 손실과 전별금 파문… "교회 운영의 투명성과 사회적 책임 강화 요구"
출처: ˝전남 K교회, 주식 손실·전별금 논란… 교회 운영의 투명성 갱신해야˝
전남 K교회에서 발생한 주식 투자 손실과 전별금 논란이 지역 사회에서 큰 파장을 일으키고 있다. 이번 사건은 단순한 종교계의 내부 갈등을 넘어, 종교 기관의 재정 관리와 지도자의 책임에 대한 심각한 사회적 문제로 확산되고 있으며, 교회의 투명성 및 윤리적 기준에 대한 재검토가 필요하다는 목소리가 높아지고 있다.
최근 전남 K교회의 P목사가 교회 자금을 사용해 2차전지 관련 주식에 약 4억 원을 투자했으나, 그 결과 약 3억 원의 손실이 발생한 것으로 알려졌다. 이 과정에서 교회재산운용위원회와의 사전 논의가 없었던 점이 드러나면서, 교회 내부뿐만 아니라 지역 사회에서도 논란이 커지고 있다.
특히 P목사의 사임 후, 교회 측이 전별금으로 약 6억 4천만 원을 지급하기로 결정하면서 논란은 더욱 확산되었다. P목사는 퇴직금 명목으로 약 10억 원을 요구한 것으로 알려졌으며, 이 중 주거비로 5억 원, 생활비로 5천만 원을 포함한 금액이었다. 그러나 교회 측은 손실된 3억 원을 포함하여 최종적으로 6억 4천만 원을 지급하기로 합의했다. 이와 같은 금액이 과도하다는 비판과 함께, 교회의 재정에 대한 있다는 우려가 커지고 있다.
이번 사건은 종교 기관의 재정 운용이 보다 투명하고 공정하게 관리되어야 한다는 요구를 더욱 강하게 제기하고 있다. 과거에는 기독교가 신앙이라는 이름으로 법적 규제나 규율 없이도 서로 허용과 용인이 이루어져 왔지만, 시대가 변하면서 이러한 기준이 점차 무너지고 있다. 이로 인해 교회 내 사건과 사고가 빈번해졌고, 교회는 이에 대응하기 어려운 구조속에서 지내왔다. 이러한 배경에서, 특정 목회자가 표적이 되어 성비위나 재정비위 등의 억울한 누명을 쓰는 사례도 증가하고 있다.
P목사의 사례는 이러한 문제를 극명하게 보여주는 사건으로, 단순한 개인의 문제가 아닌 종교 기관 전반에 걸친 구조적 문제를 드러내고 있다. 이제 교회의 지도자들은 재정적 결정뿐만 아니라, 신학적 입장과 교회 운영에 있어서도 신중하고 책임 있는 태도를 보여야 하는 시대가 되었다. 종교 기관은 더 이상 법적 규제나 사회적 책임을 회피할 수 없으며, 교회 운영의 투명성과 공정성을 요구하는 사회적 압력이 커지고 있다.
이번 사건은 종교 지도자들이 개인적인 판단이나 신념으로 인해 교회 전체에 부정적인 영향을 미칠 수 있다는 점을 다시금 상기시켰다. 이로 인해 교회의 지도자들이 그들의 역할과 책임을 어떻게 수행해야 하는지에 대한 사회적 논의가 더욱 중요해지고 있다. 지역 사회에서는 이번 사건을 통해 종교 기관의 투명성, 윤리성, 그리고 사회적 책임에 대한 인식이 더욱 강화될 것으로 보인다. 교회는 단순히 종교적 기능을 수행하는 곳을 넘어, 지역 사회에 중요한 영향을 미치는 기관으로서, 그 운영 방식이 공정하고 투명해야 한다는 인식이 확산되고 있다.
이번 P목사의 사례는 교회의 재정 관리와 지도자의 역할에 대한 사회적 기준을 재정립할 필요성을 제기하며, 종교 기관이 사회적 책임을 다하는 방식에 대한 폭넓은 논의로 이어질 가능성이 크다.', '2024-12-26 07:18:00');
INSERT INTO 기사 (기사번호, 분류번호, 기자번호, 대표사진, 기사제목, 기사부제, 기사내용, 작성일자) VALUES (8, 4, 1, 1, 'RUTC 건축 후원헌금 반환 소송 관련, 세계복음화전도협회 입장 표명 - 투데이코리아 보도 내용에 대한 우려 제기', '', '▲ 2024 WRC 대회 /사진 : 방채영 대표기자
전남 K교회에서 발생한 주식 투자 손실과 전별금 논란이 지역 사회에서 큰 파장을 일으키고 있다. 이번 사건은 단순한 종교계의 내부 갈등을 넘어, 종교 기관의 재정 관리와 지도자의 책임에 대한 심각한 사회적 문제로 확산되고 있으며, 교회의 투명성 및 윤리적 기준에 대한 재검토가 필요하다는 목소리가 높아지고 있다.
최근 전남 K교회의 P목사가 교회 자금을 사용해 2차전지 관련 주식에 약 4억 원을 투자했으나, 그 결과 약 3억 원의 손실이 발생한 것으로 알려졌다. 이 과정에서 교회재산운용위원회와의 사전 논의가 없었던 점이 드러나면서, 교회 내부뿐만 아니라 지역 사회에서도 논란이 커지고 있다.
특히 P목사의 사임 후, 교회 측이 전별금으로 약 6억 4천만 원을 지급하기로 결정하면서 논란은 더욱 확산되었다. P목사는 퇴직금 명목으로 약 10억 원을 요구한 것으로 알려졌으며, 이 중 주거비로 5억 원, 생활비로 5천만 원을 포함한 금액이었다. 그러나 교회 측은 손실된 3억 원을 포함하여 최종적으로 6억 4천만 원을 지급하기로 합의했다. 이와 같은 금액이 과도하다는 비판과 함께, 교회의 재정에 대한 있다는 우려가 커지고 있다.
이번 사건은 종교 기관의 재정 운용이 보다 투명하고 공정하게 관리되어야 한다는 요구를 더욱 강하게 제기하고 있다. 과거에는 기독교가 신앙이라는 이름으로 법적 규제나 규율 없이도 서로 허용과 용인이 이루어져 왔지만, 시대가 변하면서 이러한 기준이 점차 무너지고 있다. 이로 인해 교회 내 사건과 사고가 빈번해졌고, 교회는 이에 대응하기 어려운 구조속에서 지내왔다. 이러한 배경에서, 특정 목회자가 표적이 되어 성비위나 재정비위 등의 억울한 누명을 쓰는 사례도 증가하고 있다.
P목사의 사례는 이러한 문제를 극명하게 보여주는 사건으로, 단순한 개인의 문제가 아닌 종교 기관 전반에 걸친 구조적 문제를 드러내고 있다. 이제 교회의 지도자들은 재정적 결정뿐만 아니라, 신학적 입장과 교회 운영에 있어서도 신중하고 책임 있는 태도를 보여야 하는 시대가 되었다. 종교 기관은 더 이상 법적 규제나 사회적 책임을 회피할 수 없으며, 교회 운영의 투명성과 공정성을 요구하는 사회적 압력이 커지고 있다.
이번 사건은 종교 지도자들이 개인적인 판단이나 신념으로 인해 교회 전체에 부정적인 영향을 미칠 수 있다는 점을 다시금 상기시켰다. 이로 인해 교회의 지도자들이 그들의 역할과 책임을 어떻게 수행해야 하는지에 대한 사회적 논의가 더욱 중요해지고 있다. 지역 사회에서는 이번 사건을 통해 종교 기관의 투명성, 윤리성, 그리고 사회적 책임에 대한 인식이 더욱 강화될 것으로 보인다. 교회는 단순히 종교적 기능을 수행하는 곳을 넘어, 지역 사회에 중요한 영향을 미치는 기관으로서, 그 운영 방식이 공정하고 투명해야 한다는 인식이 확산되고 있다.
이번 P목사의 사례는 교회의 재정 관리와 지도자의 역할에 대한 사회적 기준을 재정립할 필요성을 제기하며, 종교 기관이 사회적 책임을 다하는 방식에 대한 폭넓은 논의로 이어질 가능성이 크다.', '2024-12-26 07:24:00');
INSERT INTO 기사 (기사번호, 분류번호, 기자번호, 대표사진, 기사제목, 기사부제, 기사내용, 작성일자) VALUES (9, 1, 1, 1, '한국언론진흥재단, 제3회 미디어교육사 2급 자격시험 올 10월 실행', '미디어 리터러시 교육의 필수 자격증, 직업적 기회를 넓히는 디딤돌', '▲ 미디어교육사 교재 표지 갈무리 / 한국언론인재단
디지털 미디어가 우리 생활의 중심에 자리 잡으면서, 미디어 리터러시의 중요성도 날로 커지고 있다. 이러한 변화에 발맞춰 한국언론진흥재단은 2024년 제3회 미디어교육사 2급 자격시험을 실시한다고 밝혔다. 이 자격시험은 디지털 시대에 필요한 미디어 리터러시 교육 전문가를 양성하기 위해 마련되었으며, 직업적 기회를 확대하는 데도 중요한 역할을 할 것이다.
원서 접수는 2024년 9월 11일(수) 오전 10시부터 9월 20일(금) 오후 6시까지 진행된다. 응시자는 자격시험 공식 홈페이지에서 24시간 온라인으로 접수할 수 있으며, 마감일에는 접수 시간을 꼭 확인해야 한다. 시험은 2024년 10월 20일(일)에 에서 동시에 진행되며, 응시자는 원서 접수 시 원하는 시험장을 선택할 수 있다. 합격자 발표는 2024년 11월 8일(금)에 있을 예정이며, 최종 합격자는 직무교육을 이수한 후 미디어교육사 자격증을 발급받게 된다.
이번 자격시험은 필기와 실기 시험으로 나뉘어 진행된다. ▶필기시험은 미디어 이해, 미디어 리터러시 교육의 이해, 미디어 교육방법 및 사례 등 세 과목으로 구성되며, 각 과목당 40문항씩, 총 120문항이 출제된다. ▶실기시험에서는 미디어 리터러시 수업계획안을 작성하게 된다. ▶응시 자격은 전문대학 졸업(예정)자, 미디어 교육 분야에서 2년 이상의 실무 경력이 있는 자, 또는 미디어 교육 강의 경력 50시간 이상인 자에게 주어진다.
▶응시료는 50,000원으로 책정되었으며, 원서 접수 시 신용카드나 실시간 계좌이체를 통해 납부할 수 있다. 환불은 시험일 20일 전까지 100% 가능하며, 시험일 10일 전까지는 50%가 환불된다. 시험일 9일 전부터는 환불이 불가하므로, 일정 관리에 유의해야 한다.
▲
미디어교육사 2급 시험 취득점수 및 합격자 기준 / 갈무리
필기시험은 100점 만점 기준으로 평균 70점 이상, 그리고 각 과목별 40점 이상을 획득해야 한다. 실기시험은 100점 만점에 70점 이상을 받아야 합격할 수 있다. 필기와 실기 시험을 모두 통과한 후, 직무교육까지 이수해야 최종적으로 자격증이 발급된다. 응시자는 각 시험에서 요구되는 점수를 반드시 충족해야 하며, 그렇지 못할 경우 시험을 다시 치러야 한다
미디어교육사 2급 자격시험을 준비하기 위해서는 체계적인 학습 계획이 필수적이다. 방대한 교재의 내용을 모두 소화하기보다는, 중요한 개념을 요약하고 이를 반복적으로 학습하는 것이 효과적이다. 또한, 한국언론진흥재단에서 제공하는 수업 지도안을 활용해 실제 수업계획안을 작성해보는 연습을 통해 실기시험을 대비할 수 있다. 필기시험에서는 시간을 효율적으로 관리하는 것이 중요하며, 모의고사를 풀며 실전 감각을 키우는 것이 좋다. 다른 응시자들의 후기나 학습 팁을 참고해 자신의 학습 전략을 보완하는 것도 유용하다.
미디어교육사 자격증을 취득하면, 학교, 도서관, 청소년 센터 등에서 미디어 리터러시 교육을 담당할 기회를 얻게 된다. 이는 교육 현장에서의 역할뿐만 아니라, 직업적 생계에도 긍정적인 영향을 미친다. 자격증을 통해 다양한 교육 기관과 계약을 맺고 안정적인 수입원을 확보할 수 있으며, 공공기관이 주관하는 프로그램에 참여해 추가적인 소득을 얻을 수 있다.
또한, 프리랜서 강사로 활동하거나 미디어 관련 프로젝트에 참여할 기회도 생긴다. 디지털 미디어의 영향력이 커지는 오늘날, 미디어교육사는 중요한 사회적 역할을 수행하며 직업적 기회를 확대하는 데도 중요한 자격증이 될 것이다.
한국언론진흥재단은 시험의 기획과 운영, 자격증 발급을 담당하며, 문화체육관광부는 정책적 지원과 방향 설정을 통해 미디어 리터러시 교육의 확산을 돕는다. 한국생산성본부는 접수 및 기술적 지원을 통해 시험이 원활하게 진행될 수 있도록 시스템 운영을 맡고 있다. 이들 기관의 협력은 디지털 시대에 필요한 교육 전문가를 양성하는 데 중요한 역할을 하고 있다.
자세한 정보는 한국언론진흥재단 자격시험 홈페이지에서 확인할 수 있으며, 문의는 ▶미디어교육팀(02-2001-7235)으로 연락하면 된다.
♠미디어교육사 교재 다운로드 링크
https://license.kpc.or.kr/nasec/qplus/common/board/boardV.do', '2024-12-26 07:38:00');
INSERT INTO 기사 (기사번호, 분류번호, 기자번호, 대표사진, 기사제목, 기사부제, 기사내용, 작성일자) VALUES (10, 2, 1, 1, '[선거]강화도를 하와이 처럼- 강화군수 예비후보 전인호 사무실 개소식 열어', '국회의원 안철수(경기 분당갑) 특별 참석, 축사예정', '- 사진 : 전인호 후보 선거 사무소 -
강화군의 미래를 책임질 전인호 (국민의힘) 예비후보가 선거사무소 개소식을 맞아 시민들에게 그의 비전과 공약을 공개했다. 이번 개소식은 2024년 8월 24일 토요일 오후 3시에 개최된다. 이 자리에는 경기 분당갑의 안철수 의원이 특별히 참석해 전 후보의 출마를 지지할 예정이다.
전인호 예비후보는 강화군을 새로운 차원으로 도약시키기 위한 포부를 밝혔다. 그의 슬로건인 “강화도를 하와이처럼”은 강화군을 국내외 관광 명소로 탈바꿈시키겠다는 야심 찬 계획을 담고 있다. 이를 실현하기 위한 구체적인 공약과 계획도 함께 소개되었다.
강화도를 국제적인 관광지로 만들기 위한 대규모 프로젝트를 추진하고자, 세부적인 계획으로는 현대적인 호텔과 리조트를 개발하여 강화군의 아름다운 자연경관과 역사적 자원을 최대한 활용한 관광 인프라의 혁신은 강화군을 세계적인 관광 명소로 자리매김하게 하고, 지역 경제를 활성화하며 일자리를 창출할 것이다.
교통 인프라의 개선도 주요 공약 중 하나로 꼽을 수 있다. 전 후보는 강화군과 인근 지역을 효율적으로 연결하는 도로와 교통망을 확충하겠다고 약속했다. 이는 관광객과 지역 주민의 이동 편의성을 높이고, 교통 혼잡을 줄이는 데 기여할 것으로 예상되며, 교통 인프라의 개선은 강화군의 접근성을 높여 관광 산업의 성장을 돕고 지역 경제에 긍정적인 영향을 미칠 것을 기대한다.
전 후보는 강화군의 대표 농산물인 교동섬쌀의 품질과 가치를 전국적으로 알리고, 이를 통해 지역 경제를 활성화하겠다고 밝혔다. 교동섬쌀은 청정한 환경에서 자란 고품질의 쌀로, 이를 홍보하여 농가의 소득을 증대시키고 강화군의 농업 브랜드 가치를 높이는 데 기여할기 위한 큰 그림중 하나라고 볼 수 있다.
노인 복지와 장애인 복지정책에도 큰 중점을 두고 있다. 전 후보는 강화군이 이미 초고령 사회에 진입한 점을 감안하여, 어르신들이 더 나은 삶을 영위할 수 있도록 다양한 복지 정책을 추진할 예정이다. 경로당을 의료 거점으로 활용하여 어르신들의 건강 관리를 강화하고, 주 6회 점심 식사를 제공하는 등 실질적인 복지 서비스를 확대하겠다고 밝혔다. 또한, 65세 이상 어르신들에게 월 8회의 택시 이용 기회를 제공하는 ‘100세 택시’ 운영도 계획하고 있어, 어르신들이 보다 편리하게 이동할 수 있는 환경을 조성할 것이다.
전후보는 강화군의 역사적 자산과 자연 자원을 보호하고 보존하는 정책도 추진할 계획이다. 특히, 마니산과 같은 역사적 명소의 접근성을 개선하고, 이를 통해 지역 주민과 관광객이 쉽게 경험할 수 있도록 하겠다고 약속했다. 이러한 정책은 강화군의 역사와 문화를 보존하고 교육적인 가치를 높이는 데 중요한 공약이기도 하다.
전 후보는 “강화군의 미래를 위해 시민들과 함께 소통하며 최선을 다할 것”이라며, “강화군이 새로운 차원으로 도약할 수 있도록 노력하겠다”고 다짐했다. 선거사무소 개소식은 그의 비전과 계획을 시민들과 나누는 중요한 출발점이 될 것이며, 지역 사회의 많은 관심과 지지를 받는 주요의 장이 되기를 희망한다.
- 일시: 2024년 8월 24일 토요일 오후 3시
- 위치: 인천 강화군 강화읍 강화대로 393 2층', '2024-12-26 07:59:00');
INSERT INTO 기사 (기사번호, 분류번호, 기자번호, 대표사진, 기사제목, 기사부제, 기사내용, 작성일자) VALUES (11, 5, 1, 1, '위드인 심리상담연구소, 전국민 마음투자지원사업 참여로 심리상담 서비스 강화', '이수정 경기대학교 범죄심리학과 교수 "전문적 심리상담, 국민 정신 건강 지키는 필수 요소"', '위드인 심리상담연구소가 2024년 7월 1일부터 시작된 전국민 마음투자지원사업의 제공기관으로 선정되었다. 이번 사업 참여를 통해 위드인 심리상담연구소는 정서적 어려움을 겪고 있는 국민들에게 보다 전문적이고 체계적인 심리상담 서비스를 제공하고자 마련하였다.
전국민 마음투자지원사업은 ''정서적 어려움을 겪는 국민들에게 전문적인 심리상담 서비스를 제공하여 정신 건강을 보호하고 증진하기 위한 정부 주도 프로그램''이다.
연구소는 에 위치해 있으며, 다양한 심리적 문제를 겪고 있는 내담자들에게 신뢰할 수 있는 상담 서비스를 제공하고 있다. 연구소는 내담자들이 자신의 내면을 깊이 탐색하고 심리적 성장을 이룰 수 있도록 돕는 것을 설립 취지로 삼고 있다. 이러한 목표를 바탕으로 위드인 심리상담연구소는 국민들이 건강한 마음 상태를 유지할 수 있도록 다양한 맞춤형 상담과 심리검사 솔루션을 제공하고 있는 중이다.
위드인 심리상담연구소의 주요 상담사 3인방은 장은영 소장, 유성희 소장, 전소영 상담사로, 이들은 각각 위드인 심리상담연구소에서 소장 및 전문 상담사로 활동하며, 경찰청과 대학, 청소년상담센터 등에서 심리전문가와 범죄피해평가전문가로 활발히 활동하고 있다. 그리고 공동 자문위원으로 이수정 교수와 신나영 교수가 함께 하였다.
위드인 심리상담연구소는 주요 상담 서비스를 다음과 같이 안내하고 있다.
▶ 성인 상담/ 우울증, 불안, 대인관계, 가족관계, 직장 적응 문제 ▶ 청소년 상담 정서적 문제, 학교 적응, 진로 및 학업 상담을 통해 건강한 성장을 지원하고 ▶ 부모 상담 : 부모-자녀 관계 개선과 자녀 교육 코칭 ▶ 부부,커플 상담/ 부부 간 갈등 해소와 관계 개선 ▶ 중독 상담 / 알코올 및 약물 중독 문제에 대한 전문 상담과 치료 방향을 제시하는 등의 양질의 서비스를 준비해 두었다.
이번 전국민 마음투자지원사업을 통해 위드인 심리상담연구소는 상담이 필요한 국민들에게 총 8회의 1:1 대면 상담을 제공할 예정이다. 이 상담은 1회당 최소 50분 동안 진행되며, 내담자들은 이 과정을 통해 심리적 어려움을 해결하고 건강한 정신 상태를 회복할 수 있을 것으로 기대된다.
▲ 사진 / 보건복지부
이 사업은 국민들이 적시에 필요한 심리적 지원을 받을 수 있도록 하는 것을 목표로 한다. 이를 통해 심리적 고통의 사전 예방과 조기 개입이 가능해지며, 이는 개인의 정신 건강뿐만 아니라 가정과 사회 전반에 긍정적인 영향을 미칠 것이다. 나아가 국민 전체의 정신적 복지를 증진시키는 데 기여할 것으로 기대된다.
이수정 교수는 8월 1일 자신의 페이스북에서 “정신 건강의 중요성은 그 어느 때보다도 강조되어야 하며, 사전 예방적 조치와 지원이 이루어진다면 비극적인 사건을 미연에 방지할 수 있다”라고 강조한 바 있다. 전국민 마음투자지원사업과 같은 정책이 국민의 정신 건강을 지키는 데 중요한 역할을 할 것이라는 취지로 볼 수 있다.
위드인 심리상담연구소는 상담 서비스의 접근성을 높이기 위해 비대면 상담도 제공하고 있으며, 모든 상담은 예약제로 운영된다. 연구소는 앞으로도 심리 상담의 전문성과 신뢰성을 바탕으로, 국민들의 마음 건강을 책임지는 중요한 공공 기관으로서의 역할을 충실히 수행할 계획이다.
더 자세한 정보는 위드인 심리상담연구소 블로그에서 확인할 수 있으며, 상담 예약 및 문의는 아래 전화번호로 가능하다.
▲ 사진 / 위드인 심리상담연구소
- 블로그 : 위드인 심리상담연구소▶ https://blog.naver.com/withinpsystudy
- 안내전화 : 031-212-0122 (수원 광교 위치)', '2024-12-26 08:11:00');
INSERT INTO 기사 (기사번호, 분류번호, 기자번호, 대표사진, 기사제목, 기사부제, 기사내용, 작성일자) VALUES (13, 4, 1, 1, '교계에 불어닥친 딥페이크 시대: 종교 공동체 분열과 신앙 왜곡의 위험', '다락방사태의 진실', '▲ 이미지: "누가 진짜 악당 일까?" / 킬링 조크(DC코믹스)의 한 장면
최근 종교 공동체 내에서 발생한 갈등이 외부로 확산되며, 딥페이크 기술의 부정적 영향이 두드러지고 있다. 이번 사건은 개인적 앙심과 가짜 정보가 결합되어 신앙과 사회적 이슈를 뒤엉키게 만든 대표적인 사례로 주목받고 있다. K 목사가 이끄는 교회와 단체에 대해 세속적 비리를 저질렀다는 의혹이 제기되었지만, 이를 뒷받침할 구체적 증거는 아직 부족한 상태다. 이 과정에서 K 목사의 오랜 동료였던 S 목사가 개인적 불만을 기반으로 문제를 키운 것으로 드러났다. 이 과정에서 MZ세대를 끌어들임으로 어른의 싸움을 20대 젊은 MZ세대의 싸움으로까지 확산시켰다. 후대의 미래를 지도해야 할 지도자 중 한 사람으로써 저지른 흔치 않은 사례이다.
갈등의 확산과 딥페이크의 역할
S 목사와 그에 동참한 MZ세대는 단체방 등을 통해 가짜 정보와 왜곡된 사실을 퍼뜨리며, 신앙이 얕은 청년들과 새신자들을 대상으로 "타락한 교회"라는 이미지를 확산시키고 있다. 일부 사람들에게 ''하나님보다 교회의 환경이 진짜 문제;로 인식하게 되도록 유도하고 자극하고 있다. 특히 딥페이크 기술을 이용한 무분별한 컨텐츠 생산과 확산으로 사 교회 환경의 문제가 아닌 문제에 집중하게 만들어 믿음의 본질에서 멀어지도록 하는 소위 성경의 ''에덴동산'' 일화를 적용한 것으로 파악되었다.
딥페이크란 인공지능 기술을 이용해 실제 인물의 모습을 정교하게 모방한 가짜 영상을 의미하며, 이러한 기술은 신뢰할 수 있는 정보와 가짜 정보를 구분하기 어렵게 만들어 사회 전반에 걸쳐 혼란을 초래하고 있다. 종교 공동체에서도 딥페이크 기술을 악용한 정보 조작 사례가 증가하고 있어, 이에 대한 경각심이 필요하다.
내부 갈등이 외부로 비화된 사례
이번 사건은 종교 공동체 내부의 문제가 외부 사회로 확대된 대표적인 사례로 볼 수 있다. S 목사는 개인적 갈등을 기반으로 내부의 불만과 분열을 조장하여, 교회의 문제를 사회적 논란으로 비화시켰다. 이로 인해 교회의 신뢰는 크게 떨어졌으며, 신도들의 혼란은 더욱 가중되었다. 이러한 현상은 교회의 세속화와 신앙의 약화를 야기 시킬 수 할 수 있다.
이 사건은 종교영역을 벗어나 지상파에서 다뤄 곧 방영이 될 예정이라고 한다. 어떤 내용이 다뤄질 지 알수 없으나, 현재 한국 사회의 흐름을 볼 때, 의혹을 사실처럼 믿을 수있는 소위 ''악마의 편집''이 될 소지도 놓칠 수는 없다. 현재와 같은 1인미디어 시대에 지상파방송의 영향은 예전같지 않고 정파성향이 짙으나, 그동안 가지고 있던 고유의 이미지를 믿는 대상들을 향해 안티들은 해당 방송분을 근거로 무제한 확산시킬 것으로 예상된다. 정말 심각하게 오염된 정보들을 세상에 뿌려내는 기이한 현상이 아닐 수 없다.
▲ 이미지: "참으로 유감이군?" / 킬링 조크(DC코믹스)의 한 장면
사기가 판치는 시대, "진심, 끔직하게 유감이다"
이번 사건은 종교 공동체가 세속적 논란 속에서 개인의 신앙을 어떻게 지켜낼 것인가 하는 중요한 과제를 던진다. 신앙 공동체가 다시 하나님을 중심으로 재정비하고, 외부의 갈등과 도전을 극복하는 노력이 필요하다. 또한, 법의 잣대로 판단이 애매모호한 종교계에 세속적 범죄가 들어온 것에 대한 발빠르고도 올바른 대처법이 교계에 필요하다. 즉 실제적으로 다고온 미혹된 가짜의 식별을 할 줄 아는 눈이 필요하다는 뜻이다. 이로써 각 교회별로 올바른 ''미디어 리터러시'' 교육을 시행해야 한다. 그야말로 세대가 악하니 더이상 지체해선 안된다. 세상이 진화하듯 범죄도 것잡을 수 없이 진화하기 때문이다.', '2024-10-18 08:41:00');
INSERT INTO 기사 (기사번호, 분류번호, 기자번호, 대표사진, 기사제목, 기사부제, 기사내용, 작성일자) VALUES (16, 1, 1, 1, 'PD수첩 다락방 편, 그 이후- 기자의 시선으로 바라본 매체 판단기준과 법적 절차의 중요성', '', '(사진) 제 27차 세계렘넌트대회 류광수 목사 / 더 미디어팩트
2023년 9월 13일 크리스챤 타임즈는 “류광수 다락방 의혹 제기- 비성경적 교리, 재정 문제, 성 추문 문제와 각종 의혹들, 개혁자들의 탈퇴 이어져”라는 제목으로 다락방과 류광수 목사에 대한 의혹을 대서특필했다. 이 기사를 발행하게 만든 인물에 대한 법적 대응이 이루어지면서 류광수 목사와 세계복음화 전도협회는 이 사건을 2023년 11월 15일에 접수해 재판을 시작했으며, 현재 다음 변론기일은 2024년 11월 21일로 예정된 상태다. 그 이후 2024년 10월 22일 PD 수첩에서도 밤 10시 20분에 관련 의혹을 다룬 방송을 내보내며 다락방 교회 내부와 외부에서 혼란이 더욱 가중되었다.
성도들이 기억해야 할 중요한 점은 이 의혹들이 아직 법적 절차를 통해 사실 여부가 확인되지 않은 상태라는 점이다.
다락방 성도들과 대중은 법적 판결을 기다리며 신중한 자세를 유지하는 것이 중요하다. 지금 다락방 가족들이 공중파 방송으로 흔들리기보다 법적 절차와 공정한 판단에 집중해야 할 이유가 여기에 있다.
법적 절차를 기다리며 지켜봐야 하는 이유
PD 수첩과 크리스챤 타임즈는 다락방과 류광수 목사에 대해 성 비위, 재정 문제, 교리적 논란 등 다양한 의혹을 제기했다. 그러나 이러한 의혹들은 제보와 일부 자료를 바탕으로 구성된 내용일 뿐이다. 방송 내용이 법적 판결 없이 사실로 받아들여질 경우 성도들과 대중의 혼란은 더욱 커지고, 다락방 전체가 불필요한 논란에 휘말릴 수 있다. 그렇기 때문에 성도들은 지금 이 의혹들을 사실로 받아들이기보다 법적 절차가 진실을 가려줄 때까지 신중하게 지켜보며 감시자로서의 역할을 해야 할 때임을 명확히 인지해야 한다.
법적 절차는 진실을 규명하는 중요한 과정이다.
법원이 최종 결론을 내리기 전까지는 방송과 언론에서 제기된 의혹이 그대로 사실로 확인된 것이 아니다. 방송의 역할은 의혹을 제기하고 대중에게 문제를 환기하는 것이지만, 실제 사건의 진실은 법적 절차를 통해 명확히 밝혀지는 것이다. 법적 판결을 통해 확인되지 않은 내용을 기정사실로 받아들이는 것은 다락방과 성도들에게 부당한 결과를 초래할 수 있다. 성도들은 이 과정의 투명성을 지켜보아야 한다.
단톡방과 SNS에서 벌어지는 악의적 선동에 대한 감시자 역할
이 와중에 단톡방과 SNS, 온라인 커뮤니티에서는 다락방에 대한 비난과 악의적인 소문이 퍼지고 있다. 특히 모 단톡방은 일부에서 성도와 대중을 선동하는 방으로 여겨지기도 한다. 이 방이 객관적 제보를 받는 창구가 아니라, 불분명한 정보를 무분별하게 확산시키고 있다는 비판적 시각도 있다. 이러한 상황에서 성도들은 악의적 선동에 휘둘리지 않고 비판적으로 감시하는 자세가 필요하다. 또한 SNS와 온라인에서 퍼지고 있는 소문들이 법적 검토 없이 제기된 선동적 정보일 가능성을 인식하고 이를 방관하지 않는 시각이 필요하다.
흔들리지 않고 신앙과 공동체의 본질을 지키며 진실을 지켜봐야 할 때
지금 성도들이 해야 할 일은 방송과 SNS에서 제기된 내용들에 흔들리지 않고, 법적 판결에 따른 진실 규명이 이루어질 때까지 신중하게 상황을 지켜보는 것이다. 다락방의 신앙적 본질과 공동체의 단결은 외부의 의혹과 소문에 흔들려서는 안 된다.
다락방은 오랜 기간 전도와 복음 전파를 위해 수많은 성도와 교역자들이 함께하며 이루어 온 공동체이다. 이번 논란이 다락방의 신앙적 가치와 사명을 부정할 수는 없다. 법적 판결이 나오기 전까지는 제기된 의혹이 단지 "문제 제기"에 불과하다는 사실을 기억하며, 공동체의 연대와 신앙의 본질을 지키는 것이 중요하다. 다락방 측은 법적 절차가 마무리된 후 투명하게 성도들에게 명확한 입장을 발표할 것이라 예측하고 있다. 그때가 바로 모든 사실이 분명하게 가려질 시점이 될 것이다.
지금은 다락방의 본질적 사명과 신앙적 가치를 유지하며, 성도들과 공동체가 연대를 이루는 것이 필요하다. 흔들리지 않는 자세로, 신앙의 본질을 지키며 성도들과 다락방이 함께 앞으로 나아가는 힘을 발휘할 때다.', '2024-12-26 19:52:00');
INSERT INTO 기사 (기사번호, 분류번호, 기자번호, 대표사진, 기사제목, 기사부제, 기사내용, 작성일자) VALUES (17, 2, 1, 1, '김용현 전 국방부장관 기자회견, "비상계엄은 내란이 아니다" 주장', '', '김용현 전 국방부 장관 변호인단인 이하상 변호사가 26일 오전 서울 서초구 한국컨퍼런스센터에서 기자회견을 하고 있다. 〈사진=연합뉴스〉
김용현 전 국방부장관이 12월 26일 기자회견을 열고 대통령의 비상계엄 선포와 관련된 입장을 밝혔다. 그는 이 조치가 내란이 아닌 헌법에 따른 정당한 권한 행사라고 주장하며, 계엄선포의 배경과 병력 운용, 문건 작성 과정을 상세히 설명했다. 동시에 그는 국회의 다수당 행태와 반국가 세력에 대한 강한 비판을 제기했다. 이번 기자회견은 계엄선포의 정당성을 둘러싼 논란이 정치적 격론으로 이어지는 가운데 열려 주목받았다.
김 전 장관은 계엄선포가 국회의 "정치적 패악질"에 대한 경종을 울리기 위한 조치였다고 강조했다. 그는 다수당이 방탄국회와 국무위원 탄핵을 남발하고 국정 예산을 폐지하는 방식으로 국정을 마비시키려 했다고 주장하며, 이를 "국정을 없애려는 시도"로 규정했다. 특히 중앙선거관리위원회의 감사원 감사와 국정원의 보안점검 거부 사례를 언급하며, 선거관리 시스템의 취약성을 국가적 위협으로 지적했다. 그는 "반국가 세력이 여론을 조작하고 국가 전복을 획책하고 있다"며, 이러한 세력으로부터 국가를 지키는 것이 대통령의 책무라고 역설했다.
병력 운용과 관련해 김 전 장관은 계엄 병력이 최소한의 규모로 투입되었으며, 유혈사태 방지를 위해 실탄을 지급하지 않았다고 밝혔다. 그는 계엄 문건 작성 과정에서 대통령이 국민 생활에 불편을 주지 않도록 통행금지와 같은 조치를 삭제하도록 지시했다고 설명하며, 이번 계엄이 국민이 아닌 국회를 대상으로 한 조치였음을 강조했다.
여당은 김 전 장관의 기자회견을 지지하며 계엄선포가 헌법에 따른 정당한 권한 행사였다고 평가했다. 여당 대변인은 "국회의 반헌법적 행태를 바로잡기 위한 불가피한 조치였다"고 주장했다. 반면, 야당은 이를 "명백한 권력 남용"으로 규정하며, 대통령과 김 전 장관에 대한 법적 책임을 추궁할 뜻을 밝혔다. 야당은 특히 계엄이 국민적 합의 없이 독단적으로 이루어진 점을 문제 삼으며, 이를 민주주의의 심각한 후퇴로 간주했다.
여론은 크게 갈라졌다. 일부 국민은 다수당의 횡포와 반국가 세력의 위협에 대응하기 위한 불가피한 조치로 계엄을 이해했다. 한 시민은 "국회가 국정을 마비시키는 상황에서 대통령의 결단이 필요했다"고 말했다. 반면, 계엄이 민주주의를 침해하고 헌정 질서를 위협했다는 비판도 적지 않았다. 한 사회운동가는 "국민의 기본권을 제한하는 계엄은 어떤 이유로도 정당화될 수 없다"고 주장했다. 언론 역시 반응이 엇갈렸다. 보수 성향 언론은 계엄을 "국가 혼란을 막기 위한 대통령의 결단"으로 보도한 반면, 진보 성향 언론은 이를 "독재적 행태의 위험한 선례"로 비판했다.
이번 기자회견은 계엄선포와 관련된 정치적 논란의 중심에 선 김 전 장관이 반격에 나선 것으로 보인다. 그는 "사실 왜곡과 선동이야말로 민주주의를 저해하는 행위"라며 야당과 일부 언론을 강하게 비판했다. 동시에 그는 계엄선포가 헌법에 따른 정당한 조치였음을 강조하며, 이번 사태가 민주주의의 기능적 작동을 보여주는 사례라고 주장했다.
그러나 그의 발언이 정치적 갈등을 완화하기보다 더 격화시킬 가능성이 크다는 점에서 논란은 쉽게 사그라들지 않을 전망이다. 계엄선포의 정당성과 이를 둘러싼 정치적 공방은 향후 한국 정치의 주요 쟁점으로 자리잡을 가능성이 높다. 이는 단순히 계엄선포의 타당성을 넘어 민주주의의 근본 가치와 헌법적 질서를 둘러싼 심도 깊은 논쟁으로 이어질 것이다.
<기자회견 전문>
2024. 12. 26.
김용현 전 장관 변호인단
• 계엄선포의 배경
첫 번째, 국회를 이용한 "정치 패악질"에 대하여 경종을 울리기 위함입니다.
다수당의 횡포로 당대표의 형사책임을 면하고자 방탄국회를 열고, 22차례에 걸쳐 탄핵 을 발의하고 급기야 예산을 폐지하여 국정을 없애려는 시도를 해대는 국회를 이용한 정치 패악질에 대하여 경종을 울리고자 한 것입니다.
이 같이 국정을 마비시키고 식물대통령으로 만들고자 하는 정당을 국민을 위한 정당이 라고 볼 수는 없습니다.
두 번째, 대한민국 선거에 관한 국민적 의혹을 해소하고 규명하기 위함입니다.
대한민국 선거관리 대한 국민적 의혹제기는 어제 오늘의 일이 아닙니다. 이 같은 의혹 을 해소하는 것은 정부의 역할이며 무엇보다 선거관리위원회 스스로의 책무입니다.
그러나, 중앙선거관리위원회는 감사원의 감사를 거부하고, 검찰의 압수수색을 거부하 고, 급기야 국정원의 보안시스템 점검마저도 거부하고 가상의 서버만을 제출한 바 있 습니다.
국정원의 중앙선거관리위원회 서버에 대한 보안점검 결과는 충격적이었습니다. 실제 해킹 공격에 무방비에 가까우며, 선거인명부 조작 또한 보안수준을 측정할 수 없을 정 도로 너무나도 용이하다는 사실이 밝혀졌습니다.
이번 수사에서 수사기관과 법원은, 수차례의 고발사건, 선거무효소송 등을 통하여 부정 선거 의혹은 해소된 것을 기정사실화 하고 있습니다. 그런데, 대한민국의 그 누구도 중 앙선거관리위원회 서버의 실물을 수사, 조사, 검증한 예는 없습니다. 소송이나 수사로 더 이상 이 문제가 해결되지 않는다면 특별한 조치를 통하여 이를 확인하여야 하는 것 은 대통령의 책무라 할 것입니다.
세 번째, 우리 사회 곳곳에 진지를 구축하고 암약하는 종북 주사파, 반국가세력을 정리 하여 자유대한민국을 미래세대에게 물려주기 위함입니다.
반국가세력은 사회 각층에 암약하며 여론을 조작하고, 정국불안을 선동하며, 국가전복 을 획책하고 있습니다.
자유대한민국은 건국 이래로 이 같은 세력들의 위협에 끊임없이 시달려 왔으며, 이 같 은 위협을 그대로 방관한다면 국가가 전복될 것이라는 예상은 얼마든지 할 수 있는 것 입니다.
공산주의의 허구, 전체주의의 위험은 이미 증명되었음에도 여전히 위험한 허구 이념에 사로잡혀서 자유대한민국까지 전복할 수 있다고 믿고 그것을 시도하는 세력들은 여전 히 우리나라 곳곳에 건재합니다. 이들로부터 대한민국을 지켜 미래세대에 물려주는 것 은 이 시대의 통치권자의 사명입니다.
• 비상계엄은 내란에 해당할 수 없음
대통령의 적법하고 정당한 비상계엄선포는 내란이 될 수 없습니다.
헌법은 국회, 법원과는 달리 대통령에게만 비상계엄을 선포할 수 있는 권한을 규정하 고 있습니다.
국회 다수당이 국무위원을 무차별 탄핵한 것이 수십 차례, 급기야 국정에 필요한 예산을 폐지하는 의결을 하였고, 감사원장을 비롯한 헌법기관까지도 탄핵을 앞두고 있었습니다.
국회를 이용한 정치세력의 이 같은 반헌법적 의결, 무책임한 선동은 민주주의 근간을 흔들고 국기를 문란케 하는 것이지만 아무도 이를 내란이라 하지 않았습니다.
반면, 대통령이 헌법과 법률이 정한 바에 따라 비상계엄을 선포하였는데, 야당을 비롯 한 정치권은 이를 두고 내란이라는 선동을 그치지 않고 있습니다.
이 같은 의회독재 상황에서 또다시 다수결을 앞세워 전체 국민이 선출한 대통령을 아 예 끌어내리기 위한 탄핵을 감행하고 있습니다.
지난 정권하 국회를 이용한 정치세력은 수많은 위헌법률, 위헌조치 등을 양산하였고, 지금은 국무위원 무차별 탄핵, 이재명의 방탄을 위한 입법까지 추진하고 있는 실정입 니다. 이 같은 국회를 이용한 정치세력의 패악질에 대하여는 단 한 번도 법률적 책임 을 물은 예가 없습니다. ''비상''사태는 지금도 심화되고 있습니다.
이번 비상계엄의 해제 또한 국회의 해제요구에 따라 적법하게 해제한 것은 분명한 사 실입니다.
더불어민주당이 탄핵, 예산에 관한 권한은 국회의 정당한 권한이라 주장하면서, 헌법상 대통령의 비상계엄권은 내란이라 주장하는 것은 그 자체로 모순된 주장일 뿐 아니라, 늘 그래왔듯 선동을 통하여 국민이 선출한 대통령마저 끌어내리겠다는 중대한 내란시 도가 아닐 수 없습니다.
비상계엄의 ''비상''사태인지 여부에 대한 판단은 전적으로 대통령의 고유권한입니다. 백 번 양보하여 사법통제의 대상이 된다고 보더라도 전체 국민이 투표로 선출한 대통령의 통치권을 존중하여야만 하는 것이 법원의 의무입니다.
외신은 작금의 사태에 대하여 ''민주주의 작동''이라 보도하고 있습니다. 즉, 계엄을 선포 하고 계엄해제요구를 통하여 계엄해제된 지금의 상황 전체를 지칭하며 이 같이 보도하는 것입니다. 게임은 경종을 울리는 차원이었으며, 사상자가 전혀 없었고, 계엄해제 이 후 각 지휘관의 통제하에 질서있는 철수를 한 것이 명백한 사실입니다.
계엄 그 자체가 내란이라는 주장이 설득력을 잃자, 무차별적으로 관련없는 허위사실을 더하여 선동하는 세력들의 행태야말로 민주주의의 작동을 저해하는 것입니다.
• 12/3 대통령 계엄선포를 하게 된 배경
현 정부 들어서 다수당의 횡포를 앞세워 국정을 마비시키기 위한 탄핵시도가 22번 있 었습니다. 헌법기관을 탄핵하려는 시도야말로 그에 따른 책임을 부담하여야 함이 마땅 함에도 탄핵시도를 반성하기는커녕 12.2. 감사원장 탄핵을 발의하였고, 12.4. 해당 탄 핵안의 표결을 예정해 둔 상태였습니다.
당대표가 수사를 받는다고 하여 야당이 수사검사를 탄핵하는 것은 수사기관 자체를 없 애는 것과 같습니다. 예산에 대한 의결권이 있다고 하여 국정을 마비시키고 행정부를 무력화하기 위하여 예산폐지 의결을 한 것은 국정을 없애겠다는 것과 같습니다.
이 같은 상황을 ''비상사태''라고 판단하고, 국회를 중심으로 비상조치를 행한 것은 대통 령의 고유권한입니다. 만약 이 같은 국정무력화, 수사무력화 시도에 대통령이 아무것도 하지 않는다면 그것이야말로 ''헌법을 수호하는 의무''를 저버리는 것입니다.
계엄선포의 시각은 오후 11시00분입니다.
수 차례 대통령이 밝힌 바와 같이 이번 계엄은 ''국회의 반헌법적 행태에 대하여'' ''경종'' 을 울리는 것이었습니다. 전면적인 계엄, 실효적인 계엄을 이루고자 하였다면 병력을 사전투입하고 국회경내진입을 완전히 통제하고 새벽에 계엄을 선포하였을 것입니다.
계엄선포의 시각은 이번 계엄이 본래의 목적과 같이 국회에 경종을 울리고자 한 것이 라는 점을 증명하고, 실제 국회의 해제의결 행사를 저해한 바가 없습니다. 당초의 계엄 선포 목적을 달성하기 위한 필요최소한의 조치만을 행하고 적법하게 해제한 것은 명백한 사실입니다
• 계엄 투입 병력 최소한의 운용
작전의 기본원칙은 세 가지입니다.
첫째로, 돌발상황, 우발적 충돌의 위험을 최소화하기 위하여 간부 중심의 최소한 인원 으로 병력을 구성한다는 것입니다.
둘째로, 사상자가 없도록 무력사용 자제에 만전을 기할 것입니다.
셋째로, 유혈사태가 발생하지 않도록 실탄을 개인별로 지급하거나 휴대하게 하지 않는 다는 것입니다.
투입한 병력규모에 따르더라도 국회를 전면통제할 수 없는 규모에 해당합니다.
실제 병력운용은 이마저도 국회와 선관위로 나누어 투입하여 최소한의 병력만을 투입 하였고, ''국회에 경종을 울리겠다는 당초의 계엄 목적 달성마저 어려울 정도로 미미한 병력을 투입한 것이 사실입니다.
• 포고령, 담화문, 계선포문 등 계엄관련 문건의 작성
국방부장관의 지위에서 김용현 전 장관이 초안을 작성한 사실이 있습니다. 대부분의 내용을 김용현 장관이 작성하였으며, 대통령은 이를 검토하고 일부 수정하였습니다.
대통령이 문구 등을 수정한 것 이외에 실제 내용을 수정한 것은 단 하나입니다. 계엄 은 일반적으로 국민들에 대한 통행금지 또는 제한을 가하는 것을 내용으로 하는데, 장 관 작성의 초안에 이 같은 내용이 포함되어 있었으나 대통령이 ''국회에 경종을 울리고 자 함이라는 목적대로 계엄은 일반 국민을 향한 것이 아님을 강조하며, 국민생활의 불 편, 경제활동 등을 고려하여 이를 삭제 지시하였습니다', '2024-12-26 20:56:00');
INSERT INTO 기사 (기사번호, 분류번호, 기자번호, 대표사진, 기사제목, 기사부제, 기사내용, 작성일자) VALUES (26, 4, 1, 1, '동역자에서 반(反)다락방으로, 허위사실 유포자들 줄줄이 검찰로 넘어가....', '', '< 전 문 >
사단법인 세계복음화전도협회(이하 전도협회)는
2005년 5월 RUTC건립추진위원회 발족하고 경기도 이천시 호법면 일대에 덕평RUTC건립을 위한 목적사업을 추진하여 헌금을 모금하고 관련한 부지를 매입하였으며 RUTC건물 건축 공사를 진행하였습니다. 2008년 12월 이천시와 RUTC간 MOU를 체결하고 주민제안서를 제출하는 것을 시작으로 인허가 절차를 진행하여 2012년 8월 청소년수련시설 결정 고시(이천시고시 제2012-110호)를 받고 2014년 5월 경기도 여성가족과로부터 청소년수련시설 설치운영허가를 받았습니다.
그러나, 인허가 절차를 진행하는데 소요시간과 용역비가 많이 발생하여 전도협회는 주어진 제한된 자원을 필요한 RUTC 목적사업에 적정하게 투입하는 부분에 대한 점검과 토의를 통해 청소년수련시설 건립 계획을 수정하고 덕평RUTC를 그 목적에 맞게 렘넌트 전도 훈련장으로 운영하기로 하였습니다. 전도협회는 RUTC헌금을 모금하고 목적사업에 맞게 부지를 매입하였고 건물 건축을 진행하였으며 현재까지 덕평RUTC를 운영하고 있는 것이 사실입니다.
그럼에도 불구하고 일부에서는 아니면 말고식의 추측성 기사로 전도협회와 류광수 총재님이 횡령한 것이 사실인 것처럼 악의적으로 몰아가고 있습니다. 류광수 총재님은 RUTC 관련한 자금의 집행에 있어서 실무적으로 개입한 사실이 없습니다.
전도협회와 류광수 총재님 관련한 거짓된 유언비어를 퍼트린 김○○목사에 대한 소송에서 승소이후 김○○목사가 항소하였으나 기각되었으며, 자칭코람데오연대 핵심 김○○목사와 조력자 김○○(빅터)는 검찰에서 구공판이 결정되어 현재 재판을 기다리고 있는 상태입니다. 또한 정○○전도사는 허위유포로 인한 명예훼손으로 벌금형이 선고되었으나 구공판 절차 회부를 요청한 상태입니다. 그 외 허위유포를 한 사람들이 검찰 조사 중에 있습니다.
이렇게 법앞에 밝혀지고 있는 거짓 된 여론을 옹호하는 것은 범죄 단체에 동조하는 것이 되는 것입니다.
<사단법인 세계복음화전도협회 법인총괄팀장 >
[기자의 눈] 동역자에서 반(反)다락방으로
한때 같은 비전을 품고 전도운동을 외쳤던 동역자들이 이제는 반(反)다락방으로 돌아서 전도운동을 방해하는 현실이 안타깝다. 이를 둘러싼 쟁점은 단순한 시설 운영의 문제가 아니다. 사단법인 세계복음화전도협회(전도협회)는 2005년부터 청소년수련시설 건립을 추진했지만, 내부 논의를 거쳐 렘넌트 전도 훈련장으로 운영 방침을 조정했다. 그러나 이를 두고 일부에서는 헌금 운용과 관련한 의혹을 제기하며 공격의 대상으로 삼았다. 전도협회는 사실과 다른 주장에 대해 법적 대응을 이어갔고, 일부 인사들은 명예훼손과 허위사실 유포로 인해 법원의 판결을 받았다. 하지만 법적 판단이 내려졌음에도 불구하고 그들의 불법행위는 멈추지 않고 있다. 한때 함께 복음을 외치던 자들이 이제는 전도운동을 방해하는 흐름 속에서 하나님이 저들을 끝까지 보호하시길 기도해본다. 결국, 이 싸움은 사람의 힘이 아니라 하나님의 손에 달려 있다.', '2025-03-08 01:35:00');
INSERT INTO 기사 (기사번호, 분류번호, 기자번호, 대표사진, 기사제목, 기사부제, 기사내용, 작성일자) VALUES (29, 4, 1, 1, '[연재] 하나님의 공의인가, 공중권세 잡은 자의 생각인가? - ① 코람데오연대 기자회견, 그 기준이 무엇일까.', '', '<사진 갈무리 : 기독포털뉴스>
지난 3월 13일, ''코람데오연대''가 기자회견을 열고 류광수 목사에 총재에 대한 의혹을 제기했다. 헌금 사용에 대한 문제, 성비위 관련 논란, 그리고 교회의 투명성이 도마 위에 올랐다. 이러한 문제는 결코 가볍게 넘어갈 수 없는 사안이다. 그러나 이 모든 과정을 바라보며 한 가지 질문이 떠오른다. 문제를 해결하는 방식이 하나님이 원하시는 방향으로 가고 있는가?
첫번째 과제 : 수용, "서로의 입장을 들을 준비가 되어 있는가"
우리는 문제를 바라보는 서로 다른 시각을 인정할 수 있어야 한다. 코람데오연대가 제기한 의혹은 신중하게 다뤄야 할 사안이며, 교회가 보다 건강하게 운영될 수 있도록 점검하는 것은 중요하다. 그러나 그 과정 속에서 다른 이들의 입장도 함께 고려하는 태도가 필요하다.
어떤 이들은 개혁의 목소리를 낸 것이 당연하다고 말하고, 또 어떤 이들은 내부적인 해결 절차가 먼저 진행되었어야 한다고 지적한다. 서로 다른 시선이 존재할 수 있음을 인정하는 것, 그리고 다른 하나님의 자녀들의 생각을 열린 마음으로 듣는 것이 회복의 시작이다.
두번째 과제 : 화해, "하나님이 바라시는 방향으로 가고 있는가"
문제가 제기되었을 때, 우리의 최종 목표는 무엇이어야 하는가? 단순한 책임 추궁이 아니라, 하나님의 자녀들이 다시 하나로 서는 것이 되어야 하지 않을까?
교회의 바른 운영을 위한 움직임이 필요하다면, 그 과정 역시 하나님이 원하시는 방식이어야 한다. 혹여 우리의 방법이 더 깊은 갈등을 만들고 있다면, 우리는 잠시 멈추고 다시 생각해야 한다. 하나님은 갈등 속에서도 화해의 길을 열어 가시는 분이시며, 교회 역시 같은 방향을 향해 가야 한다.
세번째 과제 : 배려, "문제를 해결하는 방식도 중요하다"
교회가 변화를 이루기 위해선 잘못된 부분을 돌아보는 과정이 필요하다. 그러나 그것이 상처를 주는 방식이 되어서는 안 된다. 비판과 개혁은 언제나 조화를 이루어야 하며, 사람이 아니라 문제를 다루는 태도가 필요하다.
코람데오연대의 움직임은 교회를 위한 마음에서 비롯된 것이겠지만, 그 과정 속에서 배려와 조화가 충분히 고려되었는지 돌아볼 필요가 있다. 문제를 바로잡는 것도 중요하지만, 그 과정에서 교회의 연합과 회복을 함께 고민하는 것이 더욱 중요하다.
<복음 저널리스트의 시선>
"모든 것은 하나님의 절대주권하에 이루어져야 한다."
우리는 모두 하나님의 인도하심 속에 있다. 교회가 더 건강한 방향으로 나아가야 한다면, 그 과정 또한 하나님이 원하시는 방법으로 이루어져야 한다. 갈등의 끝이 분열이 아닌 회복이 되도록, 우리가 가는 길이 하나님의 뜻 안에 있는지 스스로 질문을 해보아야 할 것이다.
<해당 기사를 각종 SNS -유투브, 카페, 블로그,메일링, 각종 커뮤니티에 공유하면 복음 확산에 큰 도움이 됩니다>', '2025-03-13 16:50:00');

-- 사진 테이블
INSERT INTO 사진 (사진연번, 기사번호, 기자번호, 사진번호, 사진경로, 사진설명, 등록일자) VALUES (1, 1, 1, 1, '1_1.jpg', '사진신한뉴스', '2024-12-26 21:24:00');
INSERT INTO 사진 (사진연번, 기사번호, 기자번호, 사진번호, 사진경로, 사진설명, 등록일자) VALUES (2, 2, 1, 1, '2_1.jpg', '사진도서출판 에셀나무', '2024-12-26 05:51:00');
INSERT INTO 사진 (사진연번, 기사번호, 기자번호, 사진번호, 사진경로, 사진설명, 등록일자) VALUES (3, 4, 1, 1, '4_1.jpg', '사진픽사베이', '2024-12-26 06:37:00');
INSERT INTO 사진 (사진연번, 기사번호, 기자번호, 사진번호, 사진경로, 사진설명, 등록일자) VALUES (4, 4, 1, 2, '4_2.jpg', '사진픽사베이', '2024-12-26 06:37:00');
INSERT INTO 사진 (사진연번, 기사번호, 기자번호, 사진번호, 사진경로, 사진설명, 등록일자) VALUES (5, 5, 1, 1, '5_1.png', '사진 신한뉴스 세계복음화전도협회', '2024-12-26 06:43:00');
INSERT INTO 사진 (사진연번, 기사번호, 기자번호, 사진번호, 사진경로, 사진설명, 등록일자) VALUES (6, 5, 1, 2, '5_2.png', '바누아트 대통령이 류광수 목사에게 훈장을 수여하고 있다 출처 WRC 세계렘넌트대회 바누아투 대통령과 류광수 목사의 특별한 인연', '2024-12-26 06:43:00');
INSERT INTO 사진 (사진연번, 기사번호, 기자번호, 사진번호, 사진경로, 사진설명, 등록일자) VALUES (7, 6, 1, 1, '6_1.png', '사진 2024 WRC 세계램넌트 대회', '2024-12-26 06:59:00');
INSERT INTO 사진 (사진연번, 기사번호, 기자번호, 사진번호, 사진경로, 사진설명, 등록일자) VALUES (8, 6, 1, 2, '6_2.png', '사진 바누아트 대통령과 류광수 목사', '2024-12-26 06:59:00');
INSERT INTO 사진 (사진연번, 기사번호, 기자번호, 사진번호, 사진경로, 사진설명, 등록일자) VALUES (9, 6, 1, 3, '6_3.png', '', '2024-12-26 06:59:00');
INSERT INTO 사진 (사진연번, 기사번호, 기자번호, 사진번호, 사진경로, 사진설명, 등록일자) VALUES (10, 7, 1, 1, '7_1.png', '', '2024-12-26 07:18:00');
INSERT INTO 사진 (사진연번, 기사번호, 기자번호, 사진번호, 사진경로, 사진설명, 등록일자) VALUES (11, 8, 1, 1, '8_1.jpg', '2024 WRC 대회 사진 방채영 대표기자', '2024-12-26 07:24:00');
INSERT INTO 사진 (사진연번, 기사번호, 기자번호, 사진번호, 사진경로, 사진설명, 등록일자) VALUES (12, 9, 1, 1, '9_1.png', '미디어교육사 교재 표지 갈무리 한국언론인재단', '2024-12-26 07:38:00');
INSERT INTO 사진 (사진연번, 기사번호, 기자번호, 사진번호, 사진경로, 사진설명, 등록일자) VALUES (13, 9, 1, 2, '9_2.png', '', '2024-12-26 07:38:00');
INSERT INTO 사진 (사진연번, 기사번호, 기자번호, 사진번호, 사진경로, 사진설명, 등록일자) VALUES (14, 9, 1, 3, '9_3.png', '', '2024-12-26 07:38:00');
INSERT INTO 사진 (사진연번, 기사번호, 기자번호, 사진번호, 사진경로, 사진설명, 등록일자) VALUES (15, 10, 1, 1, '10_1.jpg', '사진 전인호 후보 선거 사무소', '2024-12-26 07:59:00');
INSERT INTO 사진 (사진연번, 기사번호, 기자번호, 사진번호, 사진경로, 사진설명, 등록일자) VALUES (16, 11, 1, 1, '11_1.jpg', '', '2024-12-26 08:11:00');
INSERT INTO 사진 (사진연번, 기사번호, 기자번호, 사진번호, 사진경로, 사진설명, 등록일자) VALUES (17, 11, 1, 2, '11_2.png', '사진 보건복지부', '2024-12-26 08:11:00');
INSERT INTO 사진 (사진연번, 기사번호, 기자번호, 사진번호, 사진경로, 사진설명, 등록일자) VALUES (18, 11, 1, 3, '11_3.png', '사진 위드인 심리상담연구소', '2024-12-26 08:11:00');
INSERT INTO 사진 (사진연번, 기사번호, 기자번호, 사진번호, 사진경로, 사진설명, 등록일자) VALUES (19, 13, 1, 1, '13_1.png', '', '2024-10-18 08:41:00');
INSERT INTO 사진 (사진연번, 기사번호, 기자번호, 사진번호, 사진경로, 사진설명, 등록일자) VALUES (20, 13, 1, 2, '13_2.jpg', '', '2024-10-18 08:41:00');
INSERT INTO 사진 (사진연번, 기사번호, 기자번호, 사진번호, 사진경로, 사진설명, 등록일자) VALUES (21, 16, 1, 1, '16_1.jpg', '사진 더 미디어 팩트 2024 WRC 전도자의 고백', '2024-12-26 19:52:00');
INSERT INTO 사진 (사진연번, 기사번호, 기자번호, 사진번호, 사진경로, 사진설명, 등록일자) VALUES (22, 17, 1, 1, '17_1.jpg', '김용현 전 국방부 장관 변호인단인 이하상 변호사가 26일 오전 서울 서초구 한국컨퍼런스센터에서 기자회견을 하고 있다 사진연합뉴스', '2024-12-26 20:56:00');
INSERT INTO 사진 (사진연번, 기사번호, 기자번호, 사진번호, 사진경로, 사진설명, 등록일자) VALUES (23, 26, 1, 1, '26_1.png', '', '2025-03-08 01:35:00');
INSERT INTO 사진 (사진연번, 기사번호, 기자번호, 사진번호, 사진경로, 사진설명, 등록일자) VALUES (24, 29, 1, 1, '29_1.png', '사진 갈무리 기독포털뉴스', '2025-03-13 16:50:00');

-- sqlite_sequence 테이블
UPDATE sqlite_sequence SET seq = 10 WHERE name = '분류';
UPDATE sqlite_sequence SET seq = 1 WHERE name = '기자';
UPDATE sqlite_sequence SET seq = 29 WHERE name = '기사';
UPDATE sqlite_sequence SET seq = 24 WHERE name = '사진';

